x,f
0.12,-27.656145752915318
0.12241206030150754,-26.802138132355523
0.12482412060301508,-25.988911586285592
0.1272361809045226,-25.213770601884825
0.12964824120603016,-24.47424424201667
0.1320603015075377,-23.768063689298405
0.13447236180904523,-23.09314239637801
0.13688442211055277,-22.447558499536434
0.1392964824120603,-21.82953920297648
0.14170854271356784,-21.237446883314462
0.14412060301507537,-20.669766699271605
0.1465326633165829,-20.125095521518396
0.14894472361809044,-19.602132022991306
0.151356783919598,-19.099667791543425
0.15376884422110554,-18.616579345135158
0.15618090452261307,-18.151820945434608
0.1585929648241206,-17.704418119107178
0.16100502512562814,-17.273461807581704
0.16341708542713568,-16.85810307598135
0.1658291457286432,-16.45754832044508
0.16824120603015075,-16.0710549204446
0.17065326633165828,-15.697927289093444
0.17306532663316582,-15.337513279993612
0.17547738693467338,-14.9892009139914
0.17788944723618091,-14.652415393421304
0.18030150753768845,-14.326616375090834
0.18271356783919598,-14.01129547647409
0.18512562814070352,-13.705973992400107
0.18753768844221105,-13.410200801997188
0.1899497487437186,-13.123550447831745
0.19236180904522612,-12.845621371099147
0.19477386934673366,-12.576034288417947
0.1971859296482412,-12.314430697276409
0.19959798994974876,-12.060471498506523
0.2020100502512563,-11.813835725337006
0.20442211055276382,-11.57421936962138
0.20683417085427136,-11.341334296766927
0.2092462311557789,-11.11490724171783
0.21165829145728643,-10.894678879084731
0.21407035175879396,-10.680402961172316
0.2164824120603015,-10.471845518246873
0.21889447236180903,-10.268784115914055
0.2213065326633166,-10.071007164951116
0.22371859296482413,-9.878313279363297
0.22613065326633167,-9.69051067881663
0.2285427135678392,-9.50741663194357
0.23095477386934674,-9.3288569373282
0.23336683417085427,-9.154665439257377
0.2357788944723618,-8.984683575577057
0.23819095477386934,-8.818759955221356
0.24060301507537687,-8.656749963188666
0.2430150753768844,-8.49851539092648
0.24542713567839197,-8.343924090256394
0.2478391959798995,-8.192849649124927
0.25025125628140704,-8.045171087605935
0.2526633165829146,-7.9007725727078055
0.2550753768844221,-7.759543150654614
0.25748743718592965,-7.6213764954161425
0.2598994974874372,-7.486170672358066
0.2623115577889447,-7.3538279159716
0.26472361809045225,-7.224254420722361
0.2671356783919598,-7.097360144131631
0.2695477386934673,-6.97305862127057
0.27195979899497486,-6.851266789909548
0.2743718592964824,-6.731904825621205
0.2767839195979899,-6.614895986187747
0.2791959798994975,-6.500166464710525
0.28160804020100505,-6.387645250863662
0.2840201005025126,-6.277263999773699
0.2864321608040201,-6.1689569080442554
0.28884422110552765,-6.062660596478686
0.2912562814070352,-5.958313999085165
0.2936683417085427,-5.85585825797755
0.29608040201005026,-5.755236623812069
0.2984924623115578,-5.656394361424564
0.30090452261306533,-5.559278660355776
0.30331658291457286,-5.463838549973266
0.3057286432160804,-5.370024818917984
0.30814070351758793,-5.277789938621659
0.31055276381909547,-5.187087990657752
0.312964824120603,-5.0978745977043465
0.31537688442211054,-5.010106857911606
0.31778894472361807,-4.923743282479839
0.3202010050251256,-4.83874373626656
0.32261306532663314,-4.7550693812524365
0.3250251256281407,-4.672682622706711
0.32743718592964827,-4.591547057902638
0.3298492462311558,-4.511627427242722
0.33226130653266334,-4.432889567662148
0.33467336683417087,-4.355300368186881
0.3370854271356784,-4.2788277275302855
0.33949748743718594,-4.203440513619227
0.3419095477386935,-4.129108524946999
0.344321608040201,-4.055802453656607
0.34673366834170855,-3.9834938502635224
0.3491457286432161,-3.9121550899323965
0.3515577889447236,-3.8417593402271226
0.35396984924623115,-3.772280530258329
0.3563819095477387,-3.7036933211566527
0.3587939698492462,-3.6359730778042714
0.36120603015075375,-3.5690958417609266
0.3636180904522613,-3.5030383053242606
0.3660301507537688,-3.4377777866675983
0.36844221105527636,-3.373292206001478
0.3708542713567839,-3.3095600627081176
0.3732663316582915,-3.246560413400813
0.375678391959799,-3.1842728508627998
0.37809045226130655,-3.1226774838225815
0.3805025125628141,-3.0617549175249663
0.3829145728643216,-3.001486235059251
0.38532663316582916,-2.941852979407948
0.3877386934673367,-2.8828371361813834
0.3901507537688442,-2.8244211170052673
0.39256281407035176,-2.7665877435300206
0.3949748743718593,-2.7093202320321956
0.39738693467336683,-2.652602178579853
0.39979899497487437,-2.5964175447351185
0.4022110552763819,-2.5407506437685012
0.40462311557788944,-2.485586127360744
0.40703517587939697,-2.430908972769219
0.4094472361809045,-2.3767044704369007
0.41185929648241204,-2.322958212023069
0.4142713567839196,-2.2696560788358124
0.4166834170854271,-2.216784230647377
0.4190954773869347,-2.1643290948742218
0.42150753768844224,-2.112277356104546
0.42391959798994977,-2.0606159459567257
0.4263316582914573,-2.0093320332529183
0.42874371859296484,-1.9584130144927636
0.4311557788944724,-1.9078465046126984
0.4335678391959799,-1.8576203280171257
0.43597989949748744,-1.8077225098681433
0.438391959798995,-1.7581412676211983
0.4408040201005025,-1.708865002794432
0.44321608040201005,-1.6598822929600678
0.4456281407035176,-1.6111818839465855
0.4480402010050251,-1.5627526822408941
0.45045226130653265,-1.5145837475800752
0.4528643216080402,-1.4666642857227319
0.4552763819095477,-1.4189836413902235
0.45768844221105526,-1.3715312913685276
0.4601005025125628,-1.3242968377616657
0.4625125628140703,-1.2772700013880356
0.46492462311557786,-1.2304406153111707
0.46733668341708545,-1.1837986184968017
0.469748743718593,-1.1373340495882456
0.4721608040201005,-1.0910370407924455
0.47457286432160806,-1.0448978118691494
0.4769849246231156,-0.9989066642159345
0.4793969849246231,-0.9530539750419433
0.48180904522613066,-0.9073301916233714
0.4842211055276382,-0.8617258256339082
0.48663316582914573,-0.8162314475434451
0.48904522613065327,-0.7708376810785036
0.4914572864321608,-0.7255351977379547
0.49386934673366834,-0.68031471135768
0.49628140703517587,-0.6351669727179248
0.4986934673366834,-0.5900827641871689
0.5011055276381909,-0.5450528943963948
0.5035175879396985,-0.5000681929376922
0.505929648241206,-0.45511950508117005
0.5083417085427135,-0.41019768650418786
0.5107537688442211,-0.3652935980269221
0.5131658291457286,-0.32039810034829364
0.5155778894472361,-0.2755020487762847
0.5179899497487437,-0.230596287946645
0.5204020100502512,-0.18567164652396428
0.5228140703517588,-0.14071893187906026
0.5252261306532663,-0.09572892473654893
0.5276381909547738,-0.05069237378644953
0.5300502512562814,-0.005599990253545517
0.5324623115577889,0.039557557581806346
0.5348743718592964,0.08478964991787441
0.5372864321608041,0.1301057210272929
0.5396984924623116,0.17551526492100678
0.5421105527638191,0.22102784108726636
0.5445226130653267,0.2666530803125702
0.5469346733668342,0.3124006905917427
0.5493467336683417,0.3582804631344021
0.5517587939698493,0.4043022784753587
0.5541708542713568,0.4504761126966299
0.5565829145728644,0.49681204376901933
0.5589949748743719,0.5433202580214576
0.5614070351758794,0.5900110567465302
0.563819095477387,0.6368948629509474
0.5662311557788945,0.6839822282599703
0.568643216080402,0.7312838399851547
0.5710552763819096,0.7788105283651081
0.5734673366834171,0.826573273989327
0.5758793969849246,0.8745832154155595
0.5782914572864322,0.9228516569915763
0.5807035175879397,0.9713900768926416
0.5831155778894472,1.0202101353864808
0.5855276381909548,1.069323683338018
0.5879396984924623,1.118742770966687
0.5903517587939698,1.168479656869692
0.5927638190954774,1.21854681732519
0.5951758793969849,1.268956955889994
0.5975879396984924,1.319723013307076
0.6,1.3708581777388624
