hours,earnings
40,769
50,808
40,825
40,650
40,562
40,1400
40,600
40,1081
45,1154
40,1000
43,930
38,921
45,900
38,1318
40,1792
50,958
45,1360
40,850
44,830
44,471
40,1275
50,1615
65,873
45,2137
38,1053
60,1602
40,1188
40,800
48,1417
40,635
40,1000
50,1424
75,2668
75,666
40,1779
40,782
35,1572
40,1274
35,714
40,1081
40,692
38,1318
45,1239
27,1027
55,1748
40,981
40,770
50,1154
40,1155
60,808
40,1100
40,1154
40,1749
50,1000
40,462
55,769
50,875
40,1375
45,1452
40,800
55,1748
40,1151
50,840
45,978
40,963
42,619
60,442
40,600
38,1366
48,1643
40,1455
40,2310
45,1682
40,1235
45,855
42,1072
40,1040
50,1000
40,675
37,1100
50,996
40,732
40,1200
30,1694
55,686
40,754
35,857
50,832
44,579
61,672
40,2500
45,1076
40,750
30,1186
48,833
40,650
46,1250
48,1122
40,865
40,808
60,1299
40,903
40,900
40,625
40,1586
40,962
45,1539
52,1110
45,1282
48,770
45,1000
40,895
40,1205
40,750
50,654
48,601
40,600
40,433
40,1188
40,635
40,1225
45,1151
40,865
40,1031
55,1049
45,1000
40,1105
50,1924
40,1346
65,809
45,1495
50,1346
40,1200
40,500
45,1325
40,900
40,800
40,800
40,1034
40,980
40,884
40,480
40,923
45,513
40,1105
50,1193
50,2771
40,779
60,950
40,1394
45,1495
40,650
40,670
40,1126
64,450
40,1028
50,2404
40,1899
40,757
40,1250
48,1162
40,1025
50,1100
35,714
35,1318
45,1411
40,2162
55,1273
48,1140
40,578
40,942
40,1058
40,750
60,1000
60,951
47,635
40,1250
40,675
40,400
50,577
40,590
50,923
50,1250
40,1100
50,1130
50,652
42,618
50,962
40,529
40,817
40,962
40,840
40,866
50,2404
40,1126
40,1160
40,723
40,1778
48,1903
40,1010
40,971
40,525
40,525
45,670
45,500
45,1058
46,550
45,500
55,727
40,865
40,1081
45,1304
40,575
45,623
45,515
55,1273
40,990
40,600
40,1160
55,500
45,795
50,500
50,740
40,1250
55,1014
32,1250
40,913
40,1346
40,445
40,265
40,1250
56,1607
35,1452
50,1391
45,821
40,794
30,500
50,520
50,1730
50,1924
60,1155
40,2162
50,923
40,1115
36,449
40,1500
40,826
40,937
48,978
40,1031
40,1272
50,1136
45,800
38,1339
40,1063
44,935
40,808
40,375
40,537
55,1082
40,930
40,1155
40,548
45,622
40,841
55,769
38,587
45,1924
40,1058
48,417
48,1202
40,1154
40,1070
40,1202
45,711
40,1202
43,850
40,1000
49,490
40,1000
40,865
40,1375
40,1586
65,1602
65,3078
40,898
40,906
40,952
40,571
45,445
40,289
40,1444
55,962
40,1075
55,909
40,1250
40,620
40,1016
40,800
40,1050
50,1079
50,654
50,781
48,1038
50,1924
40,1202
70,666
45,905
70,890
40,817
40,812
60,577
40,756
40,1011
45,1155
40,1025
40,1350
40,1001
48,796
50,1230
40,754
40,714
45,1000
40,2067
40,912
40,600
40,951
45,711
48,1151
40,1000
44,841
70,400
45,1175
40,1202
40,1442
55,538
40,781
60,750
48,841
50,700
50,1346
45,800
40,1250
40,1105
52,475
58,762
40,962
40,721
50,800
40,658
40,1270
40,1313
42,824
40,1442
42,1400
50,1038
43,668
40,1100
45,1000
43,523
40,1111
40,962
47,729
40,690
50,1010
40,600
40,596
44,850
40,670
40,793
40,1442
50,670
45,876
40,841
40,975
40,1223
30,910
45,533
40,750
40,1206
40,745
40,900
47,1170
50,540
40,550
40,615
40,909
40,769
40,984
60,833
70,879
45,1027
55,1000
43,465
40,1100
45,641
48,1035
40,1212
40,950
44,938
40,1250
60,586
53,693
40,562
60,375
40,673
50,654
50,692
40,1111
45,1368
45,1282
60,1250
40,1346
50,1424
48,854
50,888
50,1161
58,583
45,1260
48,947
40,1850
40,1575
38,758
40,1442
55,489
40,1126
40,1000
70,500
50,1200
45,565
40,1920
45,684
40,774
60,233
40,975
40,1366
40,2137
40,700
40,1200
40,1161
60,729
45,750
45,1026
45,1111
50,625
42,1200
40,1541
40,1154
40,310
50,610
43,1749
40,1000
40,350
45,765
40,790
47,818
60,477
50,938
55,2099
40,350
48,940
40,1202
40,450
40,1058
40,1000
40,318
40,556
60,958
40,995
50,1600
45,606
45,511
45,1411
40,1346
46,1522
40,1075
50,1200
37,1377
55,874
40,625
32,1250
40,1082
40,693
55,727
50,615
40,913
46,884
43,698
55,800
40,812
40,1000
49,549
35,1300
50,923
40,1539
40,721
40,815
80,600
40,1100
40,1058
40,962
50,433
40,940
38,1417
65,1000
40,500
50,800
40,766
43,750
40,550
52,795
40,723
40,1039
55,200
40,400
40,575
40,850
50,508
45,1162
43,1199
40,1270
45,350
40,963
45,1463
40,802
45,642
40,751
40,488
40,1400
45,940
40,866
40,675
40,375
40,325
40,346
40,1442
49,560
56,550
44,950
45,684
40,1322
40,1634
40,417
45,472
50,666
55,1679
40,1039
40,1250
40,760
42,1154
60,1602
40,1442
40,865
50,705
40,1000
44,852
40,770
40,1000
55,1329
40,1682
55,577
40,685
40,577
40,1040
40,1250
40,600
40,480
40,1000
48,988
45,478
40,440
40,485
40,705
40,1550
40,960
40,1000
40,625
40,1346
40,961
40,479
50,1201
45,1346
35,1122
45,543
40,450
55,507
60,547
56,586
55,462
40,705
40,1566
40,1634
45,1282
40,556
40,1200
45,855
40,1053
48,1000
55,900
45,1602
50,508
60,1500
50,1682
40,750
40,843
40,409
40,1004
40,650
40,808
45,2137
48,761
40,769
40,345
40,495
38,987
60,2500
45,1098
40,1212
40,577
59,390
40,1500
80,583
40,460
40,945
60,1442
45,1333
37,1500
45,1333
40,700
36,973
40,2162
41,797
40,400
40,1015
43,1744
40,630
40,445
42,660
40,779
40,377
44,560
60,1122
50,453
40,1386
40,1539
40,1154
50,962
55,722
40,480
50,808
40,1442
50,1091
40,350
40,500
45,1026
40,577
60,1333
55,915
40,1105
40,910
40,1000
40,1160
34,1001
40,713
40,929
50,400
40,1241
40,1065
45,403
45,940
40,812
20,700
40,575
40,450
43,621
38,441
40,625
45,726
40,500
44,1000
48,393
40,600
50,962
40,962
40,865
50,1154
42,1386
40,732
40,865
40,700
40,975
40,1300
40,900
40,829
40,1000
40,827
44,500
40,1155
55,950
40,700
45,1710
30,533
48,2004
60,890
30,3078
40,1539
40,508
40,1354
35,1143
40,962
44,1250
40,990
40,905
55,926
40,1559
40,1312
40,923
40,879
25,800
50,1049
40,550
40,1190
48,583
40,1200
55,797
40,1371
55,360
40,1270
40,1832
40,909
40,1746
40,520
40,808
45,2137
50,692
80,931
45,812
40,866
40,1442
40,500
50,1384
55,528
40,881
45,1026
40,1212
38,1620
48,1843
60,1602
40,1000
48,737
40,1699
40,1699
48,1025
40,1107
40,625
50,720
40,855
40,1250
40,1130
40,900
50,1924
40,962
48,1874
55,1573
45,940
40,900
44,882
45,1710
45,1260
40,751
50,1097
48,1001
40,1154
43,1000
40,1250
65,857
27,1211
32,937
50,904
45,872
40,1200
40,1261
40,950
50,115
40,673
45,1084
40,1058
40,800
40,369
40,1924
40,855
40,864
44,1092
40,1025
35,850
40,673
40,800
44,1049
40,884
40,800
40,1200
40,664
45,1111
43,850
40,1000
40,875
40,1202
40,666
40,923
40,788
40,950
40,1442
40,866
40,625
40,680
40,693
36,875
40,2308
45,1196
38,700
40,721
40,1500
50,1050
48,801
23,640
32,1198
55,390
36,889
38,1076
40,1127
50,750
40,855
40,525
54,1104
40,553
43,800
50,1384
30,425
54,510
32,370
40,596
40,402
40,418
40,1133
40,681
40,950
40,600
40,661
40,925
40,550
40,606
40,425
50,340
50,692
40,575
40,571
40,817
40,987
55,616
60,1026
40,808
50,808
40,788
40,850
38,900
45,1418
40,260
45,662
55,562
80,562
70,357
40,1009
40,1442
40,651
40,750
40,754
40,700
40,503
40,937
40,624
40,750
40,900
40,540
35,642
50,400
40,900
40,513
40,894
60,1282
40,485
55,325
45,769
40,618
48,1040
40,751
50,380
24,300
46,753
65,1065
40,1070
55,1573
40,650
45,700
40,494
48,890
40,520
40,891
50,570
40,1444
48,481
44,500
40,1473
40,803
50,962
44,1000
40,600
40,450
60,629
60,492
40,1562
70,357
40,960
45,566
40,481
40,1442
45,645
40,788
42,644
45,477
60,664
40,520
40,1202
45,538
44,873
40,1000
