iter,dist
1,2.352506657984273
2,1.1496731928394586
3,0.7976896246033345
4,0.6106632184100693
5,0.49438583738656305
6,0.41532805191899946
7,0.3583372559144591
8,0.31486538786742546
9,0.2810449392240848
10,0.25411254960624774
11,0.2315905126691593
12,0.2132483931788487
13,0.19694266133710148
14,0.1834965008939866
15,0.1711993119865065
16,0.15955798284721467
17,0.15143996164174567
18,0.1422787365850926
19,0.13404739604645144
20,0.12746764949474532
21,0.12054413655337015
22,0.1139192443567989
23,0.10864017688533778
24,0.10393081747933941
25,0.09918788323994221
26,0.0945467397680897
27,0.08987313569101829
28,0.08548550303724056
29,0.08176075658422732
30,0.07843867176470454
31,0.07525748783825392
32,0.07208878923687756
33,0.06916224469178545
34,0.06619645000690433
35,0.0634036890445433
36,0.06049498398519226
37,0.05801388364460358
38,0.055434529082127426
39,0.05298074586229795
40,0.05077366116586113
41,0.048742714719226754
42,0.046793006130457115
43,0.04492128588523947
44,0.04312443444982961
45,0.041399457071836565
46,0.03974347878896367
47,0.03815373963740498
48,0.036627590051908854
49,0.03516248644983122
50,0.03375598699183868
51,0.03240574751216663
52,0.031109517611678683
53,0.02986513690721182
54,0.02867053143092413
55,0.027523710173687377
56,0.02642276176674052
57,0.02536585129607083
58,0.024351217244229062
59,0.02337716855445926
60,0.022442081812281245
61,0.021544398539791842
62,0.020682622598201306
63,0.019855317694275953
64,0.019061104986505484
65,0.01829866078703901
66,0.017566714355558233
67,0.016864045781336046
68,0.01618948395008246
69,0.015541904592080158
70,0.014920228408398017
71,0.0143234192720616
72,0.013750482501180272
73,0.013200463201133772
74,0.012672444673087924
75,0.012165546886164336
76,0.011678925010716767
77,0.011211768010289447
78,0.010763297289877016
79,0.010332765398281651
80,0.009919454782350456
81,0.009522676591057433
82,0.009141769527415633
83,0.008776098746318794
84,0.008425054796466824
85,0.00808805260460943
86,0.007764530500425693
87,0.007453949280407102
88,0.007155791309189752
89,0.006869559656822233
90,0.006594777270549912
91,0.006330986179728271
92,0.006077746732540135
93,0.005834636863239595
94,0.005601251388709372
95,0.005377201333160997
96,0.0051621132798338465
97,0.004955628748641416
98,0.0047574035986954755
99,0.004567107454748864
100,0.004384423156560402
101,0.004209046230297275
102,0.004040684381086734
103,0.003879057005843123
104,0.0037238947256099664
105,0.003574938936585781
106,0.0034319413791195075
107,0.0032946637239561483
108,0.0031628771749954154
109,0.0030363620879967357
110,0.0029149076044774347
111,0.0027983113002996163
112,0.0026863788482884843
113,0.002578923694354529
114,0.0024757667465813427
115,0.00237673607671951
116,0.002281666633651369
117,0.0021903999683043907
118,0.0021027839695726414
119,0.0020186726107898068
120,0.001937925706357646
121,0.0018604086781035534
122,0.0017859923309799797
123,0.001714552637741562
124,0.0016459705322322549
125,0.0015801317109431778
126,0.0015169264425054507
127,0.0014562493848053748
128,0.0013979994094128756
129,0.0013420794330372132
130,0.0012883962557150852
131,0.0012368604054877608
132,0.0011873859892688188
133,0.0011398905496964318
134,0.0010942949277090719
135,0.0010505231306012774
136,0.0010085022053765158
137,0.0009681621171626631
138,0.0009294356324751618
139,0.0008922582071750895
140,0.000856567878889436
141,0.0008223051637354928
142,0.000789412957185931
143,0.0007578364388987069
144,0.0007275229813430428
145,0.0006984220620882553
146,0.0006704851796044409
147,0.0006436657724222528
148,0.0006179191415256469
149,0.0005932023758674632
150,0.000569474280831983
151,0.000546695309596501
152,0.0005248274972124989
153,0.0005038343973247095
154,0.0004836810214321474
155,0.0004643337805774195
156,0.0004457604293541806
157,0.00042793001217766857
158,0.0004108128116904197
159,0.00039438029922322926
160,0.00037860508725451325
161,0.0003634608837632669
162,0.0003489224484134468
163,0.0003349655504774063
164,0.0003215669284593048
165,0.00030870425131901413
166,0.0002963560812663246
167,0.0002845018380170927
168,0.00027312176449711956
169,0.0002621968939173769
170,0.0002517090181619608
171,0.000241640657433706
172,0.0002319750311361446
173,0.0002226960298905567
174,0.00021378818869521865
175,0.00020523666114868888
176,0.00019702719470338081
177,0.0001891461069156719
178,0.0001815802626392582
179,0.0001743170521333326
180,0.0001673443700482835
181,0.00016065059524628111
182,0.00015422457143721147
183,0.0001480555885802204
184,0.00014213336503487994
185,0.00013644803043533216
186,0.00013099010921813203
187,0.00012575050484819883
188,0.00012072048465405771
189,0.00011589166526881911
190,0.00011125599865913216
191,0.00010680575871369058
192,0.00010253352836464558
193,9.843218722949132e-5
194,9.449489974144853e-5
195,9.071510375235903e-5
196,8.70864996045384e-5
197,8.360303962007265e-5
198,8.025891803242757e-5
199,7.704856131240945e-5
200,7.396661886005518e-5
201,7.100795410508454e-5
202,6.816763594130748e-5
203,6.544093050386834e-5
204,6.282329328399783e-5
205,6.031036155285108e-5
206,5.789794709087914e-5
207,5.55820292067466e-5
208,5.335874804046625e-5
209,5.122439811877655e-5
210,4.9175422191183316e-5
211,4.720840530403336e-5
212,4.532006909307995e-5
213,4.3507266330067296e-5
214,4.176697567714882e-5
215,4.009629665091552e-5
216,3.849244478537628e-5
217,3.695274699389017e-5
218,3.547463711406351e-5
219,3.405565163028257e-5
220,3.269342556500021e-5
221,3.138568854232915e-5
222,3.013026099907279e-5
223,2.892505056095729e-5
224,2.776804853787951e-5
225,2.6657326596790654e-5
226,2.5591033534055896e-5
227,2.45673921916989e-5
228,2.3584696505096758e-5
229,2.264130864659819e-5
230,2.1735656298815798e-5
231,2.086623004693422e-5
232,2.0031580845625285e-5
233,1.923031761208449e-5
234,1.846110490788533e-5
235,1.7722660711427807e-5
236,1.701375428275753e-5
237,1.6333204111873556e-5
238,1.5679875946972288e-5
239,1.5052680911509242e-5
240,1.445057367632785e-5
241,1.3872550731264255e-5
242,1.331764870293739e-5
243,1.278494274892239e-5
244,1.2273545038965494e-5
245,1.1782603237975309e-5
246,1.1311299109806328e-5
247,1.0858847144135098e-5
248,1.0424493261496082e-5
249,1.0007513530752021e-5
250,9.607212987816638e-6
251,9.22292446858819e-6
252,8.854007489844662e-6
253,8.499847190535093e-6
254,8.159853301492603e-6
255,7.833459170214496e-6
256,7.520120803405916e-6
257,7.219315971696005e-6
258,6.930543335670336e-6
259,6.653321602101414e-6
260,6.387188737022598e-6
261,6.1317011859074455e-6
262,5.886433138257985e-6
263,5.6509758135092625e-6
264,5.424936780684675e-6
265,5.207939310025722e-6
266,4.999621738832616e-6
267,4.799636869279311e-6
268,4.607651394650247e-6
269,4.423345338011586e-6
270,4.246411524633231e-6
271,4.0765550650689875e-6
272,3.9134928631057164e-6
273,3.756953146805131e-6
274,3.6066750226382283e-6
275,3.462408022514296e-6
276,3.323911702324267e-6
277,3.190955235155002e-6
278,3.063317025819856e-6
279,2.9407843449291704e-6
280,2.8231529718425463e-6
281,2.710226851831976e-6
282,2.6018177781139684e-6
283,2.497745066776247e-6
284,2.3978352636788713e-6
285,2.3019218531317165e-6
286,2.209844979006448e-6
287,2.1214511800593527e-6
288,2.0365931323595987e-6
289,1.9551294077047032e-6
290,1.8769242320360036e-6
291,1.8018472633940519e-6
292,1.729773373426724e-6
293,1.6605824377791123e-6
294,1.5941591406942734e-6
295,1.5303927760612623e-6
296,1.4691770644503777e-6
297,1.4104099808065484e-6
298,1.3539935821427207e-6
299,1.2998338387859576e-6
300,1.2478404869398219e-6
301,1.1979268670359033e-6
302,1.150009792283413e-6
303,1.104009399455208e-6
304,1.0598490245428138e-6
305,1.0174550642005897e-6
306,9.767568620588918e-7
